method	time	k	cost	cost-0	cost-1	cost-2	trees	trees-0	trees-1	trees-2	restarts
CA-r1000_t-1	278.932	3	 2.24719	0	0.617978	1.62921	50	1	13	36	1000
