method	time	k	cost	cost-0	cost-1	cost-2	cost-3	trees	trees-0	trees-1	trees-2	trees-3	restarts
CA-r1000_t-1	333.18	4	 2.16854	0	0.617978	0.516854	1.03371	50	1	14	11	24	1000
